word1	word2	label	fold
bird	cookie	False	val
condominium	housing	True	val
aquarium	container	True	val
antibiotic	drug	True	val
animal	reindeer	False	val
food	pizza	False	val
liquor	liquid	True	val
shrine	captivity	False	val
agony	decoration	False	val
tench	animal	True	val
fruit	illness	False	val
traction	phenomenon	True	val
drizzle	rain	True	val
hare	animal	True	val
sport	golf	False	val
leader	pope	False	val
limb	leg	False	val
clubhouse	building	True	val
frigate	vehicle	True	val
coaching	chart	False	val
annals	periodical	True	val
mater	ancestor	True	val
amphetamine	drug	True	val
classroom	music	False	val
mother	ancestor	True	val
statement	spouse	False	val
fullback	athlete	True	val
dancer	autobiography	False	val
dentistry	medicine	True	val
vertebrate	eagle	False	val
stipend	payment	True	val
solid	wood	False	val
aphid	insect	True	val
sport	football	False	val
supercomputer	computer	True	val
comedian	performer	True	val
gall	disease	True	val
vehicle	gunboat	False	val
doctrine	privateer	False	val
tissue	skin	False	val
theater	building	True	val
immunology	science	True	val
seaman	sailor	True	val
aircraft	letter	False	val
jam	trait	False	val
vicarage	dwelling	True	val
worker	airman	False	val
animal	calf	False	val
snippet	piece	True	val
cellulose	chemical	True	val
frustration	terror	False	val
polymerase	enzyme	True	val
relative	leader	False	val
handgun	gun	True	val
magpie	bird	True	val
cocktail	affection	False	val
housing	percussionist	False	val
ink	liquid	True	val
information	propaganda	False	val
polyethylene	resin	True	val
baritone	adrenaline	False	val
vertebrate	cow	False	val
company	institution	True	val
conjecture	idea	True	val
stag	virus	False	val
sack	bag	True	val
oyster	science	False	val
slalom	barrier	False	val
tie	clothing	True	val
melon	solid	True	val
container	pc	False	val
performer	commodity	False	val
man	adult	True	val
headline	text	True	val
tool	celery	False	val
dragonfly	oil	False	val
apathy	magnitude	False	val
wave	tsunami	False	val
song	piper	False	val
sport	racing	False	val
spiral	curve	True	val
cold	illness	True	val
spinach	herb	True	val
pizza	food	True	val
granny	relative	True	val
camera	equipment	True	val
hose	commodity	True	val
gent	entertainer	False	val
trouser	geometry	False	val
vodka	privateer	False	val
message	occupation	False	val
phenomenon	polarization	False	val
vegetable	cabbage	False	val
bra	clothing	True	val
drummer	tree	False	val
fabric	sunshine	False	val
silo	tower	True	val
bead	decoration	False	val
felony	transgression	True	val
garment	eater	False	val
game	snooker	False	val
gym	facility	True	val
love	feeling	True	val
adult	instrument	False	val
care	radiotherapy	False	val
shellfish	solid	True	val
opium	narcotic	True	val
secret	information	True	val
buggy	vehicle	True	val
subtraction	calculation	True	val
railway	metro	False	val
deanery	house	True	val
registry	record	True	val
institution	produce	False	val
falcon	calculation	False	val
reindeer	animal	True	val
chemical	benzene	False	val
integer	rodent	False	val
mammal	bitterness	False	val
animal	kickoff	False	val
mollusc	animal	True	val
epistle	letter	True	val
serpent	animal	True	val
medium	invertebrate	False	val
bee	animal	True	val
clerk	worker	True	val
percussionist	performer	True	val
screwdriver	tool	True	val
baby	offspring	True	val
ware	fork	False	val
performer	comedian	False	val
dragonfly	insect	True	val
anaesthetist	professional	True	val
objectivity	trait	True	val
disability	hare	False	val
falsehood	flea	False	val
butcher	merchant	True	val
document	affidavit	False	val
note	vehicle	False	val
dog	kingfisher	False	val
sailor	oil	False	val
saxophonist	performer	True	val
meat	clown	False	val
bird	woman	False	val
wood	maple	False	val
trolley	soloist	False	val
science	alga	False	val
dwelling	housing	True	val
swine	humankind	False	val
goalkeeper	athlete	True	val
pollen	spore	True	val
jewel	invitation	False	val
thief	potato	False	val
enzymology	science	True	val
movie	documentary	False	val
animal	kestrel	False	val
illustration	milk	False	val
animal	panda	False	val
ferry	vehicle	True	val
conservatism	mesothelioma	False	val
animal	receptionist	False	val
benzodiazepine	drug	True	val
automobile	vehicle	True	val
adult	gent	False	val
bonnet	commodity	True	val
convention	meeting	True	val
digit	ix	False	val
cricketer	athlete	True	val
symptom	spasm	False	val
pigeon	vertebrate	True	val
jelly	food	True	val
hair	desire	False	val
bowling	clothing	False	val
enumeration	list	True	val
diabetes	corridor	False	val
parameter	concept	True	val
dancer	entertainer	True	val
bend	curve	True	val
equipment	princess	False	val
saying	slogan	False	val
knife	raven	False	val
ape	mammal	True	val
toast	food	True	val
alcohol	liqueur	False	val
inn	building	True	val
hardness	consistency	True	val
yearning	feeling	True	val
firm	organization	True	val
symbol	leaf	False	val
zebra	animal	True	val
rum	liquid	True	val
voice	sound	True	val
modifier	word	True	val
height	dimension	True	val
manor	archbishop	False	val
leader	rider	False	val
bureau	organization	True	val
payment	royalty	False	val
offspring	granddaughter	False	val
asp	invertebrate	False	val
athlete	filly	False	val
rain	phenomenon	True	val
strawberry	alcohol	False	val
receiver	equipment	True	val
value	teaching	False	val
chimpanzee	mammal	True	val
detective	policeman	True	val
psychoanalysis	cow	False	val
clown	fool	True	val
transformation	conversion	False	val
rum	drug	True	val
strut	walk	True	val
overpayment	therapist	False	val
editorial	prose	True	val
boat	reformer	False	val
butter	solid	True	val
invertebrate	science	False	val
president	leader	True	val
chemotherapy	rum	False	val
bike	gate	False	val
vicar	leader	True	val
hamlet	condominium	False	val
waitress	worker	True	val
convent	building	True	val
gent	playing	False	val
flea	parasite	True	val
potato	vegetable	True	val
limousine	workbook	False	val
courtroom	room	True	val
probate	document	True	val
motorbike	vehicle	True	val
music	reggae	False	val
protein	collagen	False	val
alcohol	psychology	False	val
bingo	fluid	False	val
greyhound	dog	True	val
algebra	science	True	val
fluorescence	sausage	False	val
playlist	list	True	val
protein	molecule	True	val
utensil	kettle	False	val
aromatherapy	therapy	True	val
vulture	fluid	False	val
liquor	beverage	True	val
dad	animal	False	val
standing	animal	False	val
vertebrate	mare	False	val
commodity	staple	False	val
jam	food	True	val
infant	relative	True	val
parapet	insect	False	val
scientist	dad	False	val
heterogeneity	discipline	False	val
cost	vegetable	False	val
forearm	merchant	False	val
batsman	athlete	True	val
phenomenon	mishap	False	val
tern	vertebrate	True	val
asylum	shelter	True	val
dove	animal	True	val
denim	clothing	True	val
milk	food	True	val
sport	garment	False	val
host	hostess	False	val
vehicle	frigate	False	val
toddler	child	True	val
earring	decoration	True	val
missile	weapon	True	val
cheese	food	True	val
phenomenon	traction	False	val
airman	sociology	False	val
swimming	sport	True	val
meningitis	illness	True	val
champagne	etching	False	val
stocking	bird	False	val
relative	parent	False	test
bird	entertainer	False	test
policeman	theft	False	test
occupation	pharmacy	False	test
telescope	instrument	True	test
dog	bulldog	False	test
nerve	tissue	True	test
excuse	physician	False	test
conversion	transformation	True	test
dormitory	building	True	test
apprehension	fear	True	test
geometry	emotion	False	test
handgun	chick	False	test
orange	solid	True	test
name	gent	False	test
racehorse	mammal	True	test
food	gun	False	test
race	contest	True	test
limousine	car	True	test
chick	smuggler	False	test
intestine	organ	True	test
crow	animal	True	test
beer	beverage	True	test
premier	representative	True	test
musket	rate	False	test
vintage	beverage	True	test
section	preamble	False	test
fillet	meat	True	test
dean	leader	True	test
traveler	performer	False	test
roster	list	True	test
highway	machine	False	test
chimpanzee	vertebrate	True	test
cellist	vehicle	False	test
instrument	motorcycle	False	test
food	reimbursement	False	test
dad	relative	True	test
vertex	point	True	test
opening	leak	False	test
tar	chemical	True	test
symbol	vehicle	False	test
occupation	vertebrate	False	test
organ	nipple	False	test
feeling	rum	False	test
performer	geek	False	test
jewelry	drummer	False	test
spasm	symptom	True	test
petroleum	oil	True	test
dynamite	explosive	True	test
organist	performer	True	test
vertebrate	panda	False	test
collection	parasite	False	test
reelection	ache	False	test
writer	communicator	True	test
vertebrate	puppy	False	test
vicar	suit	False	test
documentation	information	True	test
warship	vehicle	True	test
prefecture	district	True	test
spacecraft	equipment	True	test
fluid	rum	False	test
piper	illness	False	test
parody	caricature	True	test
dinosaur	vertebrate	True	test
rainwater	water	True	test
bird	snake	False	test
felony	panda	False	test
laptop	computer	True	test
geology	discipline	True	test
dioxide	military	False	test
symposium	meeting	True	test
physiotherapy	therapy	True	test
vertebrate	bat	False	test
motorist	driver	True	test
animosity	feeling	True	test
combustion	blaze	False	test
sandwich	food	True	test
meat	vertebrate	False	test
battleship	vehicle	True	test
overhead	cost	True	test
oxide	list	False	test
chilli	vegetable	True	test
knee	joint	True	test
helicopter	courthouse	False	test
chef	worker	True	test
competitiveness	screenwriter	False	test
typography	surface	False	test
platter	publication	False	test
science	neuroscience	False	test
priest	pocket	False	test
jewelry	freeware	False	test
discipline	psychotherapy	False	test
roofing	equipment	True	test
integer	twenty	False	test
chamber	enclosure	True	test
comic	performer	True	test
magazine	medium	True	test
herring	feeling	False	test
dentistry	piracy	False	test
spokeswoman	spokesperson	True	test
batsman	player	True	test
psychotherapy	discipline	True	test
pseudonym	dwelling	False	test
postman	worker	True	test
adult	tree	False	test
dog	mammal	True	test
commodity	stocking	False	test
pistol	athlete	False	test
mare	horse	True	test
lactose	writer	False	test
penguin	bird	True	test
invitation	text	True	test
alga	garment	False	test
snippet	feeling	False	test
sherry	liquid	True	test
liquid	progenitor	False	test
package	collection	True	test
feeling	love	False	test
discipline	logic	False	test
misfortune	calamity	False	test
athlete	swimmer	False	test
cancer	drummer	False	test
yellow	protein	False	test
publisher	firm	True	test
bourgeoisie	people	True	test
principle	idea	True	test
spaghetti	commodity	False	test
petroleum	chemical	True	test
psychoanalysis	work	True	test
penicillin	antibiotic	True	test
collagen	protein	True	test
animosity	emotion	True	test
house	building	True	test
era	pine	False	test
greyhound	animal	True	test
hall	passageway	True	test
progenitor	ancestor	True	test
bomber	airplane	True	test
golf	sport	True	test
phenomenon	gale	False	test
mariner	ruler	False	test
horse	animal	True	test
business	disease	False	test
biplane	ale	False	test
bluegrass	herb	True	test
neuroscience	discipline	True	test
ware	feeling	False	test
man	pronoun	False	test
animal	vial	False	test
whiskey	liquid	True	test
musician	piper	False	test
vertebrate	serpent	False	test
hamster	science	False	test
bottle	container	True	test
owl	bird	True	test
taste	sensation	True	test
kindergarten	institution	True	test
reelection	election	True	test
building	craftsman	False	test
toddler	lobster	False	test
penguin	animal	True	test
carcinoma	granny	False	test
encyclopedia	ale	False	test
document	covenant	False	test
book	fruit	False	test
dinner	meal	True	test
entertainer	warbler	False	test
invertebrate	ant	False	test
nipple	heterogeneity	False	test
professional	teacher	False	test
building	observatory	False	test
mammal	intranet	False	test
liquid	standing	False	test
gale	phenomenon	True	test
pseudonym	name	True	test
dryer	cottage	False	test
dish	integer	False	test
beverage	sherry	False	test
lingerie	underwear	True	test
entertainer	leg	False	test
cereal	herb	True	test
terrier	dog	True	test
lesbian	crowd	False	test
animal	hawk	False	test
lion	vertebrate	True	test
vertebrate	organization	False	test
sensation	fragrance	False	test
pew	glider	False	test
trumpeter	entertainer	True	test
walnut	seed	True	test
insect	fencing	False	test
larva	maggot	False	test
fluorescence	phenomenon	True	test
rucksack	bag	True	test
ointment	smallpox	False	test
organization	galley	False	test
foreman	superior	True	test
instrument	animal	False	test
binder	disease	False	test
uterus	organ	True	test
pram	vehicle	True	test
road	roadway	False	test
player	physiotherapy	False	test
adult	physician	False	test
reptile	business	False	test
columnist	journalist	True	test
supper	meal	True	test
gorilla	mammal	True	test
dioxide	oxide	True	test
ferret	carnivore	True	test
scourge	end	False	test
depth	roadway	False	test
football	fixture	False	test
copyright	right	True	test
lizard	reptile	True	test
snake	chemical	False	test
pair	set	True	test
leaf	petal	False	test
acoustics	discipline	True	test
tsunami	wave	True	test
uprising	conflict	True	test
workman	fruit	False	test
almond	tree	True	test
bead	jewelry	True	test
sensation	molecule	False	test
waterfowl	animal	True	test
theatre	building	True	test
electronics	science	True	test
clothing	denim	False	test
animal	lion	False	test
meal	reptile	False	test
lipid	molecule	True	test
beverage	liquid	True	test
turkey	employee	False	test
tumour	illness	True	test
beer	machine	False	test
bird	disorder	False	test
migration	organization	False	test
geometry	discipline	True	test
pope	leader	True	test
mesothelioma	illness	True	test
worker	furniture	False	test
kinsman	relative	True	test
camera	magistrate	False	test
engineering	occupation	True	test
sport	hymn	False	test
pesticide	cabbage	False	test
liqueur	beverage	True	test
vehicle	woman	False	test
biotechnology	discipline	True	test
rodent	mammal	True	test
record	wine	False	test
fairytale	narrative	True	test
gauge	instrument	True	test
bomber	aircraft	True	test
cockroach	insect	True	test
moratorium	valley	False	test
eating	consumption	True	test
ipod	system	True	test
horse	science	False	test
subcontractor	contractor	True	test
cool	temperature	True	test
building	castle	False	test
emigrant	migrant	True	test
vegetable	vehicle	False	test
descendent	housing	False	test
classroom	room	True	test
occupation	cleaning	False	test
vehicle	milk	False	test
covenant	document	True	test
beverage	list	False	test
bird	seabird	False	test
craftsman	professional	True	test
illness	tumour	False	test
seafood	carp	False	test
seminary	institution	True	test
berry	solid	True	test
football	hamlet	False	test
chamber	animal	False	test
bassist	musician	True	test
lemon	throne	False	test
spouse	relative	True	test
anorexia	fixture	False	test
sherry	cancer	False	test
undertaking	slalom	False	test
boulevard	thoroughfare	True	test
feeling	jealousy	False	test
church	fence	False	test
entertainer	biologist	False	test
gas	phenomenon	True	test
vertebrate	bear	False	test
shaving	cleaning	True	test
turbine	engine	True	test
system	military	False	test
monastery	housing	True	test
housing	guesthouse	False	test
monarch	ruler	True	test
brother	kinsman	True	test
preconception	belief	True	test
kestrel	hawk	True	test
beech	artillery	False	test
milk	fluid	True	test
complacency	feeling	True	test
polymer	oil	False	test
word	modifier	False	test
calculation	procedure	True	test
champagne	batsman	False	test
chemotherapy	care	True	test
cipher	message	True	test
physiology	calculation	False	test
fruit	pear	False	test
jigsaw	machine	True	test
disease	colt	False	test
observatory	building	True	test
petal	leaf	True	test
container	spoon	False	test
progenitor	mother	False	test
horseman	rider	True	test
equipment	attorney	False	test
hypnotherapy	treatment	True	test
importation	commerce	True	test
tyrant	ruler	True	test
information	surgeon	False	test
road	freeway	False	test
wife	spouse	True	test
dance	art	True	test
trumpeter	performer	True	test
keyboardist	performer	True	test
computer	laptop	False	test
misfortune	catastrophe	False	test
crusade	therapy	False	test
worker	postman	False	test
reservist	serviceman	True	test
screen	surface	True	test
jewel	gunboat	False	test
monastery	building	True	test
wolf	vertebrate	True	test
suburb	district	True	test
cockroach	alcohol	False	test
parrot	food	False	test
disease	animal	False	test
wader	bird	True	test
husband	relative	True	test
mater	turret	False	test
midwife	alcohol	False	test
cow	chocolate	False	test
cookie	solid	True	test
surface	screen	False	test
quartz	solid	True	test
platter	ware	True	test
leukaemia	cancer	True	test
eel	solid	True	test
road	highway	False	test
solid	ape	False	test
waterfowl	parent	False	test
militia	leader	False	test
mistress	woman	True	test
thesaurus	publication	True	test
washer	worker	True	test
entertainer	penguin	False	test
clubhouse	poem	False	test
icon	disease	False	test
instrument	royalty	False	test
environmentalist	entertainer	False	test
animal	waterfowl	False	test
perseverance	trait	True	test
maggot	muse	False	test
note	cockroach	False	test
dog	word	False	test
clergyman	vicar	False	test
penis	larva	False	test
father	progenitor	True	test
dove	people	False	test
orator	speaker	True	test
cosmology	relief	False	test
discipline	acoustics	False	test
thrill	emotion	True	test
brethren	organization	True	test
bird	woodpecker	False	test
commodity	car	False	test
ix	digit	True	test
dyke	vertebrate	False	test
sensation	information	False	test
ambassador	diplomat	True	test
information	disease	False	test
vehicle	trolley	False	test
chemical	rat	False	test
sherry	rodent	False	test
jigsaw	handgun	False	test
jean	garment	True	test
convent	dwelling	True	test
housewife	hawk	False	test
lupus	disease	True	test
enclosure	cage	False	test
memorandum	note	True	test
bird	turkey	False	test
insect	ant	False	test
leak	opening	True	test
heat	ticket	False	test
trait	folly	False	test
basketball	game	True	test
consistency	fly	False	test
security	indemnity	False	test
feeling	benzodiazepine	False	test
contest	final	False	test
end	inn	False	test
leprosy	kestrel	False	test
criminal	bird	False	test
ginger	herb	True	test
animal	organization	False	test
integer	ecstasy	False	test
vehicle	entertainer	False	test
fullback	baronetcy	False	test
dish	container	True	test
humanist	scholar	True	test
subcontractor	cassette	False	test
influenza	staple	False	test
ceremony	initiation	False	test
alley	thoroughfare	True	test
fabric	velvet	False	test
elite	people	True	test
tour	travel	True	test
eagle	bird	True	test
raven	vertebrate	True	test
therapy	building	False	test
housewife	woman	True	test
waterfowl	crystal	False	test
dealership	terrier	False	test
frustration	feeling	True	test
motorcycle	vehicle	True	test
castle	dwelling	True	test
deer	animal	True	test
geometry	science	True	test
charity	institution	True	test
mesothelioma	maker	False	test
chancellor	leader	True	test
sack	emotion	False	test
gladiator	combatant	True	test
velocity	rate	True	test
discussion	communication	True	test
bureau	leaf	False	test
keyboardist	cricket	False	test
traveler	owl	False	test
baritone	singer	True	test
artwork	integer	False	test
priory	tycoon	False	test
bee	invertebrate	True	test
geek	performer	True	test
relief	feeling	True	test
dragonfly	animal	True	test
statement	accusation	False	test
furniture	throne	False	test
knife	tool	True	test
melanoma	note	False	test
polymerase	treatment	False	test
hamlet	community	True	test
miner	arthritis	False	test
mammal	biochemistry	False	test
fear	ecologist	False	test
aircraft	astronomy	False	test
biplane	airplane	True	test
agreement	rector	False	test
tavern	building	True	test
candy	food	True	test
folly	tent	False	test
neurology	science	True	test
scourge	instrument	True	test
fiber	entertainer	False	test
sundial	instrument	True	test
ten	integer	True	test
osteoarthritis	arthritis	True	test
stepfather	ancestor	True	test
whiskey	dagger	False	test
ferry	boat	True	test
cottage	housing	True	test
enumeration	information	True	test
lingerie	remorse	False	test
panda	vertebrate	True	test
carp	seafood	True	test
occupation	professorship	False	test
psoriasis	illness	True	test
oncology	discipline	True	test
word	trait	False	test
animal	maggot	False	test
larva	caterpillar	False	test
caterpillar	aesthetic	False	test
stag	animal	True	test
feeling	resignation	False	test
directorate	organization	True	test
maple	wood	True	test
receptionist	worker	True	test
explanation	spore	False	test
rodent	hamster	False	test
freeware	software	True	test
note	memorandum	False	test
dealer	merchant	True	test
polygon	rectangle	False	test
gastropod	invertebrate	True	test
greyhound	symphony	False	test
pharmacy	discipline	True	test
vodka	alcohol	True	test
tissue	solution	False	test
school	gymnasium	False	test
antibody	molecule	True	test
bonnet	clothing	True	test
tomorrow	relative	False	test
wine	football	False	test
tool	fluid	False	test
beer	liquid	True	test
sailor	privateer	False	test
container	technician	False	test
bottle	throne	False	test
covenant	vehicle	False	test
artillery	armament	True	test
radius	fluid	False	test
typhoon	phenomenon	True	test
tanker	ship	True	test
yesterday	subcommittee	False	test
biochemistry	science	True	test
phenomenon	fluorescence	False	test
drug	hall	False	test
warbler	father	False	test
flu	disease	True	test
wage	payment	True	test
autobiography	record	True	test
slalom	contest	True	test
asp	reptile	True	test
people	bourgeoisie	False	test
pearl	jewelry	True	test
passion	feeling	True	test
tree	travel	False	test
chalet	building	True	test
manor	housing	True	test
aqueduct	conduit	True	test
curve	spiral	False	test
mesothelioma	cancer	True	test
player	quarterback	False	test
mesothelioma	ambassador	False	test
maggot	larva	True	test
chateau	dwelling	True	test
game	netball	False	test
chemical	food	False	test
pig	swine	True	test
kestrel	vertebrate	True	test
cosmology	discipline	True	test
sociologist	panda	False	test
carnivore	ferret	False	test
toast	bread	True	test
work	bird	False	test
food	sandwich	False	test
liquor	odyssey	False	test
pilgrimage	crew	False	test
hospital	building	True	test
kilt	monoclonal	False	test
folly	dealer	False	test
pilot	worker	True	test
disorder	laboratory	False	test
petal	neurology	False	test
educator	professional	True	test
volleyball	pc	False	test
tree	mango	False	test
grove	vegetation	True	test
animal	color	False	test
anger	feeling	True	test
clothing	karaoke	False	test
horse	vertebrate	True	test
prelate	clergyman	True	test
porter	worker	True	test
fielder	athlete	True	test
tower	turret	False	test
enzymology	biochemistry	True	test
feeling	envy	False	test
cocktail	alcohol	True	test
treatment	radiotherapy	False	test
inference	vehicle	False	test
horse	mammal	True	test
vehicle	warship	False	test
psychotherapy	dinner	False	test
liqueur	feeling	False	test
prefecture	musician	False	test
cook	worker	True	test
salmon	animal	True	test
psychoanalysis	therapy	True	test
discipline	pharmacy	False	test
commodity	sweater	False	test
goldfish	vertebrate	True	test
carnivore	dog	False	test
entertainer	comic	False	test
fluid	alcohol	False	test
vehicle	tank	False	test
fox	vertebrate	True	test
vessel	stick	False	test
adjective	document	False	test
honey	food	True	test
building	transaction	False	test
compassion	feeling	True	test
kestrel	netball	False	test
analogy	inference	True	test
discipline	housing	False	test
throne	chair	True	test
rainforest	vegetation	True	test
meeting	leader	False	test
official	grandmother	False	test
cannon	tree	False	test
compass	instrument	True	test
textbook	book	True	test
car	sedan	False	test
lecturer	adult	True	test
lemon	fruit	True	test
chapel	building	True	test
vehicle	duck	False	test
fox	animal	True	test
concerto	music	True	test
science	oncology	False	test
kindergarten	symbol	False	test
measles	illness	True	test
hockey	sport	True	test
science	pear	False	test
ink	fluid	True	test
compost	mixture	True	test
primate	priest	True	test
fragrance	leader	False	test
carbonate	worker	False	test
animal	python	False	test
clothing	shirt	False	test
mail	postcard	False	test
rector	leader	True	test
payment	solid	False	test
hydrocarbon	gasoline	False	test
hostel	lingerie	False	test
yoghurt	food	True	test
red	bird	False	test
leader	science	False	test
vintage	liquid	True	test
adult	anaesthetist	False	test
piracy	feeling	False	test
aircraft	insect	False	test
vertebrate	lion	False	test
caucus	gathering	True	test
boat	pontoon	False	test
postgraduate	student	True	test
illness	mesothelioma	False	test
science	dentistry	False	test
emotion	displeasure	False	test
dogma	doctrine	True	test
software	parser	False	test
rodent	hedgehog	False	test
privateer	sailor	True	test
mammal	rat	False	test
pathology	science	True	test
animal	bull	False	test
jigsaw	worker	False	test
organization	bureau	False	test
goat	mammal	True	test
performer	soprano	False	test
container	kettle	False	test
chamber	house	False	test
microbiology	biology	True	test
travel	algebra	False	test
ape	book	False	test
performer	vocalist	False	test
musician	road	False	test
gasoline	fuel	True	test
chick	seed	False	test
fruit	pizza	False	test
gun	crusade	False	test
commodity	geek	False	test
croquet	sport	True	test
spaghetti	forearm	False	test
relative	musician	False	test
affection	feeling	True	test
cockroach	invertebrate	True	test
boat	chair	False	test
leg	microorganism	False	test
depth	magnitude	True	test
cairn	symbol	True	test
post	rabbit	False	test
food	candy	False	test
throne	furniture	True	test
beverage	strut	False	test
equipment	sherry	False	test
dustbin	bin	True	test
dolphin	animal	True	test
temperament	trait	True	test
criminal	drone	False	test
seawater	water	True	test
alga	microorganism	True	test
word	emotion	False	test
declaration	statement	True	test
underside	boundary	True	test
turkey	bird	True	test
house	priory	False	test
peptide	chemical	True	test
greyhound	hound	True	test
gateway	entrance	True	test
joker	entertainer	True	test
librarian	document	False	test
whiskey	fluid	True	test
lymphoma	tumor	True	test
polymer	chemical	True	test
dog	annals	False	test
lingerie	garment	True	test
bounty	payment	True	test
foetus	vertebrate	True	test
hare	mammal	True	test
elephant	animal	True	test
title	text	True	test
hydrocarbon	statement	False	test
reggae	music	True	test
multiculturalism	doctrine	True	test
integer	animal	False	test
sunlight	light	True	test
kestrel	animal	True	test
meeting	orchid	False	test
insecticide	pesticide	True	test
hysteria	disorder	True	test
feeling	animosity	False	test
python	reptile	True	test
conduit	aqueduct	False	test
symphony	music	True	test
science	artery	False	test
rage	emotion	True	test
emotion	resentment	False	test
fingertip	tip	True	test
cassette	container	True	test
astronomy	science	True	test
casket	container	True	test
bear	mammal	True	test
porter	workman	True	test
bookmark	performer	False	test
performer	physiotherapy	False	test
communicator	cradle	False	test
food	spaghetti	False	test
grandparent	grandfather	False	test
tummy	tissue	True	test
commission	organization	True	test
psychiatry	clinician	False	test
solid	orange	False	test
melon	fruit	True	test
standing	ape	False	test
animal	magpie	False	test
eleven	integer	True	test
aspirin	drug	True	test
lion	animal	True	test
limousine	vehicle	True	test
rain	drizzle	False	test
rider	traveler	True	test
fuel	tumor	False	test
birthday	anniversary	True	test
porter	panic	False	test
scapegoat	temperament	False	test
athlete	spokeswoman	False	test
idea	value	False	test
airman	worker	True	test
cottage	house	True	test
integer	ten	False	test
value	idea	True	test
condominium	gymnasium	False	test
psychology	science	True	test
python	animal	True	test
bereavement	emotion	True	test
salmon	fish	True	test
plum	tree	True	test
lamb	animal	True	test
rhino	vertebrate	True	test
trolley	vehicle	True	test
produce	music	False	test
glider	aircraft	True	test
wolf	carnivore	True	test
gemstone	crystal	True	test
organ	animal	False	test
treatment	psychoanalysis	False	test
commodity	dryer	False	test
fork	ware	True	test
kestrel	liquor	False	test
orchid	flower	True	test
fish	shark	False	test
chocolate	food	True	test
machine	biochemistry	False	test
pig	science	False	test
bird	animal	True	test
bat	vertebrate	True	test
crab	illness	False	test
alderman	representative	True	test
discipline	anatomy	False	test
entertainer	piper	False	test
coach	trainer	True	test
professional	ruler	False	test
smuggler	criminal	True	test
organization	club	False	test
vicarage	building	True	test
instrument	radar	False	test
heat	armchair	False	test
underside	sensation	False	test
pony	mammal	True	test
dog	greyhound	False	test
sewer	conduit	True	test
computer	vertebrate	False	test
drug	benzodiazepine	False	test
preposition	word	True	test
aphid	invertebrate	True	test
toe	extremity	True	test
salesman	worker	True	test
dean	signal	False	test
rum	fluid	True	test
transaction	investing	False	test
journalist	columnist	False	test
theology	phenomenon	False	test
fluid	beverage	False	test
colt	male	True	test
auto	vehicle	True	test
meal	dinner	False	test
commodity	kilt	False	test
weapon	rifle	False	test
flour	food	True	test
science	employee	False	test
vicar	clergyman	True	test
shortcut	decoration	False	test
disease	worm	False	test
leukaemia	tumor	True	test
trait	temperament	False	test
jet	vehicle	True	test
nursing	work	True	test
asthma	illness	True	test
container	lamb	False	test
facility	chalet	False	test
fly	invertebrate	True	test
carbohydrate	cellulose	False	test
carbohydrate	molecule	True	test
panda	animal	True	test
feeling	military	False	test
artery	vessel	True	test
negation	statement	True	test
communicator	storyteller	False	test
competitiveness	dentistry	False	test
graveyard	site	True	test
electrician	worker	True	test
farmhouse	bargain	False	test
enzyme	chick	False	test
competitiveness	trait	True	test
immigration	migration	True	test
tank	vehicle	True	test
puppy	mammal	True	test
velocity	potato	False	test
traitor	criminal	True	test
hurricane	storm	True	test
woodpecker	covenant	False	test
coriander	herb	True	test
dagger	instrument	True	test
insect	animal	True	test
basket	container	True	test
sausage	crew	False	test
organization	church	False	test
logic	mammal	False	test
puppy	vertebrate	True	test
shirt	thoroughfare	False	test
soloist	performer	True	test
oncology	skating	False	test
miner	workman	True	test
pc	computer	True	test
worker	cook	False	test
eater	vegan	False	test
adrenaline	neurotransmitter	True	test
terrier	carnivore	True	test
mammal	cat	False	test
pancreas	coach	False	test
gorge	valley	True	test
alcohol	hotel	False	test
squid	solid	True	test
graft	tissue	True	test
resentment	emotion	True	test
vehicle	osteoarthritis	False	test
firearm	weapon	True	test
machine	pc	False	test
vicinity	area	True	test
teacher	professional	True	test
footbridge	bridge	True	test
physiotherapist	therapist	True	test
nanny	adult	True	test
cookbook	book	True	test
dart	projectile	True	test
shopkeeper	merchant	True	test
bacterium	microorganism	True	test
entertainer	trumpeter	False	test
alcohol	container	False	test
organization	department	False	test
coupe	pc	False	test
tip	end	True	test
vi	digit	True	test
phonology	science	True	test
payment	wage	False	test
governor	politician	True	test
phenomenon	compensation	False	test
playlist	bat	False	test
final	cotton	False	test
football	sport	True	test
box	container	True	test
disability	math	False	test
hostel	hotel	True	test
club	organization	True	test
symbol	cairn	False	test
competitiveness	tumor	False	test
freeway	district	False	test
relative	game	False	test
piper	musician	True	test
potato	food	True	test
diabetes	furniture	False	test
interoperability	height	False	test
wage	airplane	False	test
rodent	vole	False	test
leukemia	tumor	True	test
auto	trait	False	test
sulphate	chemical	True	test
investment	transaction	True	test
telecommunication	crime	False	test
terror	feeling	True	test
magnitude	radius	False	test
mischief	vandalism	False	test
floor	surface	True	test
maize	herb	True	test
enzyme	animal	False	test
tree	mangrove	False	test
animal	affidavit	False	test
disappointment	feeling	True	test
kingfisher	vertebrate	True	test
outpost	post	True	test
performer	drummer	False	test
whisky	fluid	True	test
privateer	mariner	True	test
maid	servant	True	test
regent	member	True	test
theology	greyhound	False	test
mummy	ancestor	True	test
cellist	entertainer	True	test
shark	assortment	False	test
organ	penis	False	test
explanation	excuse	False	test
pronoun	word	True	test
guesthouse	housing	True	test
sensation	tool	False	test
virus	microorganism	True	test
beverage	art	False	test
terror	granny	False	test
dimension	castle	False	test
kingfisher	bird	True	test
seaplane	crystal	False	test
colon	organ	True	test
woman	math	False	test
holly	tree	True	test
aesthetic	doctrine	True	test
mortar	weaponry	True	test
right	kingfisher	False	test
vehicle	auto	False	test
storm	sandwich	False	test
aircraft	vehicle	True	test
infant	investor	False	test
organ	uterus	False	test
jigsaw	tool	True	test
motorway	highway	True	test
information	documentation	False	test
ant	spokeswoman	False	test
department	organization	True	test
desk	furniture	True	test
golfer	player	True	test
adrenaline	chemical	True	test
security	fresco	False	test
soprano	singer	True	test
organization	directorate	False	test
explosive	aircraft	False	test
salmon	intestine	False	test
country	organization	True	test
noun	word	True	test
corporation	organization	True	test
ware	shirt	False	test
disease	gall	False	test
football	game	True	test
camera	clinician	False	test
writer	poet	False	test
carnivore	glider	False	test
kilt	commodity	True	test
vicar	priest	True	test
surcharge	cost	True	test
sausage	solid	True	test
kidnapping	crime	True	test
ape	animal	True	test
vertebrate	bitterness	False	test
roofing	recovery	False	test
bean	vegetable	True	test
technician	worker	True	test
turquoise	crystal	True	test
adult	librarian	False	test
stocking	limousine	False	test
anaesthetist	adult	True	test
collagen	molecule	True	test
fresco	art	True	test
leprosy	disease	True	test
performer	disease	False	test
cancer	mesothelioma	False	test
building	instrument	False	test
clinician	professional	True	test
mortar	insecticide	False	test
ice	crystal	True	test
missile	vole	False	test
typhoon	storm	True	test
puppy	employee	False	test
tool	screwdriver	False	test
hound	python	False	test
arithmetic	discipline	True	test
people	vicar	False	test
caring	love	True	test
narrative	wine	False	test
priory	house	True	test
netball	game	True	test
ban	performer	False	test
logo	symbol	True	test
swan	bird	True	test
laptop	machine	True	test
bear	carnivore	True	test
miner	officer	False	test
humankind	vertebrate	True	test
baroness	aristocrat	True	test
feeling	relief	False	test
gin	beverage	True	test
explosive	dynamite	False	test
nurse	adult	True	test
milk	liquid	True	test
container	garment	False	test
navy	organization	True	test
molecule	cancer	False	test
bingo	game	True	test
monastery	dwelling	True	test
apathy	feeling	True	test
chicken	solid	True	test
housing	monastery	False	test
mailbox	crusade	False	test
license	document	True	test
horse	stallion	False	test
record	spouse	False	test
liquid	vintage	False	test
daughter	offspring	True	test
illness	smallpox	False	test
song	music	True	test
boar	mammal	True	test
migraine	staple	False	test
carnage	murder	True	test
adult	nanny	False	test
jelly	chapel	False	test
alloy	bronze	False	test
therapy	machine	False	test
tumor	laborer	False	test
sociologist	scientist	True	test
road	representative	False	test
wind	vicar	False	test
alpha	symbol	True	test
cancer	drug	False	test
furniture	soprano	False	test
solid	ancestor	False	test
cheese	kettle	False	test
sloop	vehicle	True	test
panic	fear	True	test
performer	mime	False	test
spokeswoman	advocate	True	test
subcommittee	fresco	False	test
contestant	winner	False	test
warbler	performer	True	test
stag	mammal	True	test
shrine	building	True	test
weakening	transformation	True	test
vertex	priest	False	test
aircraft	bomber	False	test
gentry	people	True	test
oil	lipid	True	test
deer	aromatherapy	False	test
light	resident	False	test
snail	bull	False	test
caring	bacterium	False	test
armament	people	False	test
tumor	writer	False	test
kettle	container	True	test
scapegoat	victim	True	test
aqueduct	pianist	False	test
chalet	house	True	test
software	fruit	False	test
pc	food	False	test
walk	vehicle	False	test
nurse	amphibian	False	test
sailor	forearm	False	test
wine	alcohol	True	test
review	appraisal	True	test
surgeon	professional	True	test
rifle	psychoanalysis	False	test
attorney	professional	True	test
charcoal	carbon	True	test
smallpox	illness	True	test
robin	animal	True	test
bargain	agreement	True	test
document	deity	False	test
draft	document	True	test
badminton	sport	True	test
drummer	entertainer	True	test
parenthesis	symbol	True	test
relative	son	False	test
sadness	feeling	True	test
surprise	guesthouse	False	test
leader	boss	False	test
organ	barrier	False	test
parasite	flea	False	test
screenwriter	writer	True	test
economics	discipline	True	test
seafood	mackerel	False	test
offspring	son	False	test
vehicle	amphibian	False	test
woman	mistress	False	test
building	envy	False	test
fencing	obstruction	True	test
motel	building	True	test
mammal	goat	False	test
piracy	crime	True	test
envy	feeling	True	test
serpent	reptile	True	test
vicar	shareholder	False	test
vial	container	True	test
laborer	worker	True	test
nickname	disability	False	test
carcinoma	cancer	True	test
professorship	occupation	True	test
butterfly	vertebrate	False	test
calf	animal	True	test
spokesman	spokesperson	True	test
feeling	insect	False	test
vulture	vertebrate	True	test
dyke	lesbian	True	test
animal	furniture	False	test
gymnasium	school	True	test
insomnia	dictionary	False	test
opening	feeling	False	test
schoolmaster	educator	True	test
soccer	game	True	test
reptile	list	False	test
feeling	serviceman	False	test
firm	business	True	test
nipple	organ	True	test
shark	fish	True	test
influenza	illness	True	test
waiter	waitress	False	test
intranet	system	True	test
funeral	ceremony	True	test
drift	phenomenon	True	test
commodity	annals	False	test
mime	performer	True	test
intestine	equipment	False	test
raisin	produce	True	test
grandmother	grandparent	True	test
vertebrate	spear	False	test
projectile	limb	False	test
ecologist	scientist	True	test
army	waterfowl	False	test
empress	ruler	True	test
champagne	wine	True	test
supercomputer	machine	True	test
twenty	integer	True	test
spouse	commodity	False	test
animal	artillery	False	test
baggage	container	True	test
amphibian	vehicle	True	test
mob	crowd	True	test
decrease	change	True	test
liquid	liquor	False	test
spaghetti	food	True	test
bonnet	vehicle	False	test
militia	organization	True	test
sociology	science	True	test
jurisprudence	discipline	True	test
bishop	valley	False	test
quarterback	player	True	test
pilgrimage	journey	True	test
cafe	restaurant	True	test
mammal	illness	False	test
trait	goose	False	test
ruler	pancreas	False	test
biplane	vehicle	True	test
goalkeeper	documentary	False	test
member	regent	False	test
professional	anaesthetist	False	test
hawk	animal	True	test
insect	cricket	False	test
electronics	discipline	True	test
cat	carnivore	True	test
food	margarine	False	test
solid	cookie	False	test
castle	house	True	test
chant	music	True	test
aristocrat	relative	False	test
computer	pc	False	test
solution	batsman	False	test
magpie	animal	True	test
melanoma	cancer	True	test
doctrine	aesthetic	False	test
vertebrate	worker	False	test
vertebrate	raven	False	test
binder	machine	True	test
bungalow	house	True	test
joker	performer	True	test
commerce	importation	False	test
invertebrate	gastropod	False	test
sunlight	dealer	False	test
motto	saying	True	test
animal	funeral	False	test
crusade	undertaking	True	test
dancing	discipline	True	test
bungalow	housing	True	test
spear	instrument	True	test
desire	feeling	True	test
croquet	game	True	test
leader	vehicle	False	test
animal	diabetes	False	test
butterfly	insect	True	test
humanism	doctrine	True	test
wine	fluid	True	test
acid	chemical	True	test
cabbage	vegetable	True	test
pearl	jewel	True	test
louse	insect	True	test
trait	parameter	False	test
ache	pain	True	test
kangaroo	animal	True	test
aristocrat	baroness	False	test
building	shrine	False	test
greyhound	collection	False	test
archbishop	clergyman	True	test
mammal	boar	False	test
seminar	gathering	True	test
facade	surface	True	test
science	robin	False	test
artist	beverage	False	test
request	ultimatum	False	test
race	dioxin	False	test
laborer	solid	False	test
receptionist	schoolmaster	False	test
bull	highway	False	test
diplomat	worker	True	test
biochemistry	chemistry	True	test
attitude	bookshop	False	test
waitress	waiter	True	test
storyteller	communicator	True	test
yellow	color	True	test
abstraction	concept	True	test
payment	overpayment	False	test
jewelry	computer	False	test
laboratory	workplace	True	test
mollusc	business	False	test
eagle	tip	False	test
kestrel	falcon	True	test
interoperability	ability	True	test
vertebrate	corporation	False	test
seaplane	airplane	True	test
archbishop	garment	False	test
heroism	trait	True	test
sawmill	machine	True	test
therapy	psychoanalysis	False	test
loo	room	True	test
leukaemia	disease	True	test
vole	rodent	True	test
seaweed	alga	True	test
sport	histogram	False	test
battleship	ship	True	test
soldier	serviceman	True	test
kindergarten	organization	True	test
wheat	cereal	True	test
patience	trait	True	test
theater	value	False	test
parasite	emotion	False	test
whiskey	meal	False	test
disease	flu	False	test
container	terminal	False	test
biologist	scientist	True	test
fish	kestrel	False	test
vertebrate	animal	True	test
vehicle	parser	False	test
monoclonal	molecule	True	test
mishap	symposium	False	test
freeway	road	True	test
mammal	disease	False	test
cracker	food	True	test
stereo	equipment	True	test
animal	invertebrate	False	test
term	telly	False	test
storm	typhoon	False	test
elm	tree	True	test
shovel	tool	True	test
storm	solid	False	test
therapy	care	True	test
inference	yearning	False	test
logo	signal	True	test
furniture	word	False	test
baronetcy	status	True	test
chemical	carbonate	False	test
calculation	temperature	False	test
instrument	missile	False	test
green	color	True	test
pipe	conduit	True	test
environmentalist	reformer	True	test
boat	dinghy	False	test
slogan	mixture	False	test
worker	breaker	False	test
kickoff	kick	True	test
nanotechnology	discipline	True	test
pudding	wind	False	test
encyclopedia	book	True	test
champagne	alcohol	True	test
corridor	passageway	True	test
karaoke	entertainment	True	test
terminal	facility	True	test
chariot	vehicle	True	test
stag	eagle	False	test
feeling	passion	False	test
herb	osteoarthritis	False	test
tanker	vehicle	True	test
telly	receiver	True	test
relief	herb	False	test
holly	official	False	test
sis	relative	True	test
animal	bitterness	False	test
herb	rue	False	test
performer	comic	False	test
cider	fluid	True	test
castle	housing	True	test
stallion	statement	False	test
tench	fish	True	test
liquid	road	False	test
greyhound	symbol	False	test
ecstasy	feeling	True	test
dorm	housing	True	test
serviceman	soldier	False	test
apostle	believer	True	test
physiotherapy	treatment	True	test
jealousy	feeling	True	test
golfer	tower	False	test
grandfather	grandparent	True	test
pine	tree	True	test
workplace	snippet	False	test
grandchild	drug	False	test
poet	writer	True	test
polarization	emotion	False	test
asthma	motel	False	test
pancreas	organ	True	test
dad	milk	False	test
gasoline	hydrocarbon	True	test
geology	charcoal	False	test
liqueur	fluid	True	test
goalkeeper	player	True	test
shellfish	emotion	False	test
statesman	buggy	False	test
warbler	singer	True	test
dad	progenitor	True	test
horse	bear	False	test
motorist	firearm	False	test
pudding	food	True	test
contractor	declaration	False	test
mammal	fox	False	test
asp	workplace	False	test
mariner	worker	True	test
disease	herpes	False	test
migrant	feeling	False	test
resignation	discipline	False	test
clinician	software	False	test
granddaughter	offspring	True	test
fruit	olive	False	test
relative	granny	False	test
soloist	musician	True	test
feeling	nostalgia	False	test
solution	migration	False	test
snake	jewel	False	test
business	meal	False	test
courthouse	building	True	test
sedan	tissue	False	test
animal	robin	False	test
crystal	leader	False	test
goose	waterfowl	True	test
cameraman	artist	True	test
biochemistry	enzymology	False	test
gunner	serviceman	True	test
migraine	ache	True	test
agony	adult	False	test
animal	ship	False	test
magnitude	size	False	test
palace	electrician	False	test
jigsaw	alga	False	test
tumor	illness	True	test
contract	statement	True	test
eel	kingfisher	False	test
reimbursement	payment	True	test
snail	animal	True	test
airplane	chalet	False	test
hound	greyhound	False	test
breeze	wind	True	test
cost	overhead	False	test
gland	organ	True	test
melanoma	carcinoma	True	test
refreshment	food	True	test
passageway	corridor	False	test
drone	insect	True	test
documentary	movie	True	test
concept	gastropod	False	test
instrument	telescope	False	test
travel	safari	False	test
oncology	science	True	test
electrician	granny	False	test
propaganda	information	True	test
thief	criminal	True	test
bag	rucksack	False	test
emotion	animosity	False	test
platform	surface	True	test
apathy	mammal	False	test
dealership	business	True	test
nostalgia	feeling	True	test
mackerel	seafood	True	test
gathering	seminar	False	test
ship	tanker	False	test
performer	saxophonist	False	test
building	potato	False	test
toad	animal	True	test
sloop	rector	False	test
organization	bear	False	test
marquee	tent	True	test
sixty	relative	False	test
phenomenon	rain	False	test
hepatitis	illness	True	test
crab	invertebrate	True	test
pear	weapon	False	test
magpie	science	False	test
epic	poem	True	test
osteoarthritis	catcher	False	test
intranet	negation	False	test
therapy	son	False	test
artillery	cannon	False	test
lobster	seafood	True	test
organ	intestine	False	test
animal	vertebrate	False	test
tissue	animal	False	test
people	gentry	False	test
tree	almond	False	test
lingerie	clothing	True	test
molecule	lipid	False	test
vehicle	vintage	False	test
parrot	vertebrate	True	test
mule	mammal	True	test
equipment	parachute	False	test
dogma	ship	False	test
association	organization	True	test
enzyme	molecule	True	test
bed	insect	False	test
pirate	criminal	True	test
bookmark	marker	True	test
potato	foreman	False	test
day	tomorrow	False	test
boar	spokesperson	False	test
lecturer	rate	False	test
dagger	dolphin	False	test
fender	barrier	True	test
reggae	rectangle	False	test
emotion	fright	False	test
molecule	carbohydrate	False	test
musician	soloist	False	test
balloon	aircraft	True	test
trouser	garment	True	test
woman	bridesmaid	False	test
animal	cameraman	False	test
procedure	melon	False	test
animal	chick	False	test
violinist	entertainer	True	test
game	bowling	False	test
mankind	mammal	True	test
eagle	animal	True	test
beverage	panda	False	test
carcinoma	tumor	True	test
traction	influenza	False	test
bamboo	wood	True	test
kangaroo	mammal	True	test
bug	invertebrate	True	test
mule	animal	True	test
radius	magnitude	True	test
apprehension	offspring	False	test
container	disease	False	test
medicine	discipline	True	test
chemistry	science	True	test
aircrew	playlist	False	test
anaesthetic	drug	True	test
artiste	performer	True	test
royalty	payment	True	test
thermostat	regulator	True	test
art	cost	False	test
feeling	compassion	False	test
jacket	garment	True	test
sherry	wine	True	test
color	record	False	test
skin	tissue	True	test
theatre	brook	False	test
mammal	horse	False	test
beverage	vehicle	False	test
house	chalet	False	test
pew	bench	True	test
list	enumeration	False	test
binder	performer	False	test
eagle	vertebrate	True	test
airplane	vehicle	True	test
fresco	painting	True	test
campsite	disease	False	test
mesothelioma	disease	True	test
height	magnitude	True	test
sport	swimming	False	test
shortcut	road	True	test
transplantation	procedure	True	test
food	honey	False	test
mater	range	False	test
massage	treatment	True	test
gym	panda	False	test
instrument	voice	False	test
ambassador	worker	True	test
immunology	discipline	True	test
son	hospital	False	test
rodent	weapon	False	test
pheasant	animal	True	test
building	theater	False	test
brigade	organization	True	test
eatery	building	True	test
bamboo	bear	False	test
criminology	discipline	True	test
container	teacher	False	test
handgun	weapon	True	test
pathologist	doctor	True	test
clergyman	archbishop	False	test
seaplane	vehicle	True	test
handset	equipment	True	test
priest	secretariat	False	test
tortoise	reptile	True	test
parasite	adjective	False	test
breaker	worker	True	test
attraction	phenomenon	True	test
sixty	integer	True	test
roadway	road	True	test
cook	point	False	test
gemstone	mammal	False	test
list	chapel	False	test
ban	decree	True	test
border	boundary	True	test
panda	woodpecker	False	test
campsite	discipline	False	test
strawberry	berry	True	test
garment	jean	False	test
blaze	combustion	True	test
mammal	vegetable	False	test
player	batsman	False	test
official	cardinal	False	test
tortoise	animal	True	test
cow	vertebrate	True	test
prosecutor	official	True	test
conduit	writer	False	test
typography	occupation	True	test
cellist	performer	True	test
fragrance	sensation	True	test
room	classroom	False	test
furniture	shark	False	test
manual	publication	True	test
kangaroo	castle	False	test
worker	traveler	False	test
player	instrument	False	test
mishap	phenomenon	True	test
weakening	invertebrate	False	test
parser	software	True	test
excitement	feeling	True	test
disease	lupus	False	test
revolver	animal	False	test
cynicism	feeling	True	test
armchair	chair	True	test
emigration	migration	True	test
professional	craftsman	False	test
pet	animal	True	test
theology	discipline	True	test
tanker	grandmother	False	test
tumor	mesothelioma	False	test
apple	solid	True	test
collagen	shopkeeper	False	test
missile	instrument	True	test
cellulose	carbohydrate	True	test
worker	phenomenon	False	test
lady	adult	True	test
pram	greyhound	False	test
booze	drug	True	test
webcam	camera	True	test
assortment	collection	True	test
information	pine	False	test
obstruction	performer	False	test
manual	book	True	test
fourteen	integer	True	test
gate	violinist	False	test
biplane	aircraft	True	test
bishop	cardinal	False	test
produce	raisin	False	test
mango	tree	True	test
parachute	equipment	True	test
trait	competitiveness	False	test
bitterness	feeling	True	test
etching	discipline	False	test
bird	penguin	False	test
invertebrate	soprano	False	test
institution	seminary	False	test
rat	mammal	True	test
preamble	meal	False	test
garment	lingerie	False	test
size	magnitude	True	test
organization	militia	False	test
hen	bird	True	test
murderer	eleven	False	test
indemnity	security	True	test
olive	fruit	True	test
wife	coupe	False	test
manual	servant	False	test
worker	pilot	False	test
saying	machine	False	test
heroism	melanoma	False	test
turkey	animal	True	test
pianist	entertainer	True	test
hymn	song	True	test
turbine	cold	False	test
twelve	integer	True	test
vocalist	performer	True	test
checklist	list	True	test
crocodile	animal	True	test
professorship	misfortune	False	test
tumor	melanoma	False	test
seabird	bird	True	test
information	corporation	False	test
text	illustration	False	test
telegraph	apparatus	True	test
primacy	standing	True	test
soprano	entertainer	True	test
range	magnitude	True	test
liqueur	ten	False	test
castle	building	True	test
graveyard	transaction	False	test
endurance	reindeer	False	test
hostess	host	True	test
treatment	people	False	test
etching	art	True	test
palace	dwelling	True	test
cat	mammal	True	test
dwelling	chateau	False	test
henchman	criminal	True	test
insect	drone	False	test
ore	clown	False	test
deer	mammal	True	test
airplane	bomber	False	test
kettle	utensil	True	test
beech	tree	True	test
counterattack	attack	True	test
sport	badminton	False	test
whiskey	drug	True	test
gown	clothing	True	test
bird	chick	False	test
vehicle	tsunami	False	test
skier	athlete	True	test
crystal	ice	False	test
anatomy	discipline	True	test
wrath	science	False	test
sunshine	phenomenon	True	test
iv	digit	True	test
water	seawater	False	test
algebra	athlete	False	test
computer	catastrophe	False	test
tomorrow	day	True	test
wheat	pain	False	test
glaucoma	disease	True	test
librarian	adult	True	test
oat	cereal	True	test
shower	fixture	True	test
housing	supper	False	test
seafood	herring	False	test
comic	entertainer	True	test
businessman	tycoon	False	test
magnitude	beverage	False	test
consumer	drinker	False	test
warbler	entertainer	True	test
animal	immigration	False	test
feeling	longing	False	test
girlfriend	woman	True	test
spoon	container	True	test
insomnia	disorder	True	test
parent	daddy	False	test
integer	fish	False	test
clothing	tie	False	test
anniversary	lingerie	False	test
pesticide	insecticide	False	test
science	decree	False	test
mammal	enzyme	False	test
feeling	doctrine	False	test
bridesmaid	woman	True	test
panda	mammal	True	test
radiotherapy	care	True	test
organist	enzymology	False	test
answer	statement	True	test
velocity	sociology	False	test
lunch	meal	True	test
linguistics	science	True	test
tongue	organ	True	test
tumour	luncheon	False	test
thunderstorm	storm	True	test
house	serviceman	False	test
deanery	dwelling	True	test
seafood	worker	False	test
bread	toast	False	test
feeling	terror	False	test
fruit	melon	False	test
swimmer	athlete	True	test
waiter	employee	True	test
bassist	entertainer	True	test
clothing	kilt	False	test
era	perseverance	False	test
woodpecker	animal	True	test
agony	feeling	True	test
prosecutor	magnitude	False	test
publication	manual	False	test
ecstasy	emotion	True	test
relative	ore	False	test
studio	workplace	True	test
suitcase	container	True	test
moratorium	pause	True	test
vial	commodity	False	test
officer	daughter	False	test
reliability	trait	True	test
descendent	relative	True	test
progenitor	dad	False	test
spear	weapon	True	test
resentment	employee	False	test
liquid	pet	False	test
container	room	False	test
resignation	feeling	True	test
mammal	mankind	False	test
jeweller	maker	True	test
science	neurology	False	test
dermatitis	tumor	False	test
cat	drone	False	test
saying	motto	False	test
swap	transaction	True	test
autobiography	feeling	False	test
reformer	crime	False	test
spaghetti	pasta	True	test
windfall	fruit	True	test
barrier	fender	False	test
catastrophe	misfortune	True	test
veil	garment	True	test
container	tip	False	test
term	word	True	test
discipline	geometry	False	test
site	reptile	False	test
vegetable	artiste	False	test
hamster	rodent	True	test
fisherman	worker	True	test
zeal	feeling	True	test
slogan	saying	True	test
diabetes	disease	True	test
bead	performer	False	test
contest	vertebrate	False	test
lingerie	payer	False	test
paddle	stick	True	test
bird	freeway	False	test
worm	invertebrate	True	test
child	sherry	False	test
sunlight	statement	False	test
aircraft	biplane	False	test
rugby	game	True	test
benzene	chemical	True	test
farmhouse	house	True	test
nickname	name	True	test
information	waitress	False	test
linguist	scientist	True	test
fluid	record	False	test
asp	vertebrate	True	test
lizard	entertainer	False	test
cardinal	leader	True	test
message	asylum	False	test
metro	railway	True	test
vertebrate	victim	False	test
thrill	energy	False	test
treatment	alcohol	False	test
cleaning	animal	False	test
game	reelection	False	test
aircrew	crew	True	test
physiology	science	True	test
integer	eleven	False	test
workplace	studio	False	test
discipline	geology	False	test
contestant	building	False	test
owl	vertebrate	True	test
gunboat	boat	True	test
housing	criminal	False	test
playlist	information	True	test
mother	food	False	test
beverage	beer	False	test
liqueur	alcohol	True	test
worker	editor	False	test
trait	road	False	test
athlete	cricketer	False	test
dispenser	container	True	test
salesman	ache	False	test
herring	seafood	True	test
motorcycle	karaoke	False	test
physician	shelter	False	test
illness	tumor	False	test
initiation	ceremony	True	test
attack	animal	False	test
room	sauna	False	test
animal	psychotherapy	False	test
drug	anaesthetic	False	test
dramatist	writer	True	test
penis	color	False	test
fluid	cider	False	test
text	invitation	False	test
crew	aircrew	False	test
recovery	improvement	True	test
memorandum	racing	False	test
status	baronetcy	False	test
mischief	hydrocarbon	False	test
infusion	animal	False	test
memo	record	True	test
comment	statement	True	test
mammal	machine	False	test
criminology	sherry	False	test
motorway	road	True	test
science	math	False	test
bin	mail	False	test
fluid	whiskey	False	test
longing	feeling	True	test
chick	bird	True	test
pocket	container	True	test
dart	motorway	False	test
remorse	water	False	test
seabird	penguin	False	test
thunderstorm	shower	False	test
molecule	monoclonal	False	test
dioxin	hydrocarbon	True	test
furniture	desk	False	test
electrolyte	solution	True	test
physician	adult	True	test
meeting	convention	False	test
benzene	tent	False	test
beverage	fluid	True	test
bulldog	dog	True	test
yesterday	day	True	test
molecule	vehicle	False	test
psychiatry	science	True	test
pharmacology	science	True	test
pharmacology	man	False	test
handset	phenomenon	False	test
gent	adult	True	test
lactose	chemical	True	test
vole	animal	True	test
ox	animal	True	test
cannon	artillery	True	test
feeling	surprise	False	test
cellulose	mineral	False	test
swimming	motel	False	test
sedan	car	True	test
shortcut	feeling	False	test
polymerase	chemical	True	test
murderer	competitiveness	False	test
secretariat	carbon	False	test
thoroughfare	road	True	test
liquid	sherry	False	test
lemon	humanist	False	test
black	color	True	test
osteoarthritis	illness	True	test
underwear	clothing	True	test
anger	lizard	False	test
vole	vertebrate	True	test
overpayment	payment	True	test
agony	anaesthetist	False	test
benzene	hydrocarbon	True	test
immunology	investment	False	test
discipline	ceremony	False	test
instrument	gauge	False	test
cabbage	aspirin	False	test
ale	alcohol	True	test
hare	fillet	False	test
payment	hostess	False	test
stagecoach	vehicle	True	test
sweater	commodity	True	test
liquid	beer	False	test
weapon	instrument	True	test
feeling	desire	False	test
pontoon	boat	True	test
vicar	bottle	False	test
skin	covering	True	test
magistrate	official	True	test
sport	equipment	False	test
condom	contraceptive	True	test
temperament	aristocrat	False	test
brook	stream	True	test
cycling	sport	True	test
counterattack	seafood	False	test
vehicle	invertebrate	False	test
grandmother	relative	True	test
barrier	gate	False	test
radar	instrument	True	test
stocking	commodity	True	test
communicator	writer	False	test
bourgeoisie	association	False	test
antibiotic	penicillin	False	test
optimism	feeling	True	test
dwelling	conversion	False	test
sauna	room	True	test
animal	feeder	False	test
puppy	performer	False	test
drinker	consumer	True	test
endurance	strength	True	test
fodder	worker	True	test
polarization	phenomenon	True	test
pesticide	girlfriend	False	test
bed	furniture	True	test
secretariat	organization	True	test
pickup	vehicle	True	test
music	monarch	False	test
council	organization	True	test
progenitor	father	False	test
petroleum	payment	False	test
coupe	vehicle	True	test
woodpecker	bird	True	test
kestrel	worker	False	test
preamble	section	True	test
medium	animal	False	test
chick	vertebrate	True	test
signal	walnut	False	test
chant	boss	False	test
cradle	furniture	True	test
internment	captivity	True	test
bestseller	publication	True	test
butterfly	animal	True	test
neuroscience	science	True	test
robbery	crime	True	test
vehicle	elm	False	test
mother	progenitor	True	test
employee	worker	True	test
vertebrate	vole	False	test
foundry	plant	True	test
vertebrate	conservatism	False	test
tenant	payer	True	test
dictionary	book	True	test
medication	drug	True	test
apprehension	skating	False	test
netball	vehicle	False	test
nematode	invertebrate	True	test
spaceship	vehicle	True	test
tower	aneurysm	False	test
illness	digit	False	test
empress	chemical	False	test
leader	statesman	False	test
reel	equipment	True	test
vertebrate	asp	False	test
pear	fruit	True	test
building	motel	False	test
baritone	entertainer	True	test
mailbox	container	True	test
inhabitant	islander	False	test
moth	insect	True	test
spoon	immigration	False	test
building	mosque	False	test
teaching	occupation	True	test
milk	beverage	True	test
molecule	locomotive	False	test
height	quarterback	False	test
postgraduate	water	False	test
editor	movie	False	test
fallacy	idea	True	test
facade	outpost	False	test
equipment	roofing	False	test
son	offspring	True	test
sweetness	sensation	True	test
motto	logo	False	test
pheasant	vertebrate	True	test
reptile	vertebrate	True	test
stepmother	ancestor	True	test
relief	kidnapping	False	test
tortoise	joint	False	test
hypnotherapy	therapy	True	test
safari	travel	True	test
sherry	beverage	True	test
tern	discipline	False	test
diplomat	ambassador	False	test
vertebrate	art	False	test
cannon	armament	True	test
monsoon	wind	True	test
filly	female	True	test
pennant	symbol	True	test
liquor	fluid	True	test
chancellor	basket	False	test
benzene	cottage	False	test
memo	note	True	test
writer	dramatist	False	test
psychoanalysis	treatment	True	test
ecstasy	sport	False	test
jewelry	decoration	True	test
visualisation	representation	True	test
bike	vehicle	True	test
windfall	bird	False	test
logic	crime	False	test
art	serpent	False	test
deafness	disability	True	test
velvet	fabric	True	test
condominium	dwelling	True	test
soccer	organization	False	test
lactose	molecule	True	test
shower	bee	False	test
area	cameraman	False	test
surprise	feeling	True	test
cardinal	bishop	True	test
ale	fluid	True	test
wader	science	False	test
thoroughfare	boulevard	False	test
migrant	traveler	True	test
gunboat	vehicle	True	test
equipment	reel	False	test
shareholder	investor	True	test
mother	relative	True	test
buggy	container	True	test
suit	commodity	True	test
explanation	biplane	False	test
seabird	vertebrate	True	test
bear	vertebrate	True	test
experiment	research	True	test
aneurysm	disorder	True	test
catcher	psoriasis	False	test
cancer	melanoma	False	test
highway	road	True	test
deanery	building	True	test
firm	publisher	False	test
representative	alderman	False	test
funeral	carnivore	False	test
ointment	drug	True	test
scientist	henchman	False	test
discipline	limb	False	test
bear	webcam	False	test
container	pouch	False	test
edge	boundary	True	test
dinghy	boat	True	test
artiste	entertainer	True	test
drift	economist	False	test
animal	kangaroo	False	test
shirt	clothing	True	test
mucosa	tissue	True	test
vertebrate	woodpecker	False	test
captivity	internment	False	test
idea	fender	False	test
beer	railway	False	test
pocket	vehicle	False	test
officer	serviceman	True	test
reimbursement	compensation	True	test
farmhouse	building	True	test
food	woman	False	test
beard	hair	True	test
pirate	adult	False	test
hair	beard	False	test
bird	hawk	False	test
maid	bench	False	test
falsehood	statement	True	test
daddy	parent	True	test
merchant	shopkeeper	False	test
coaching	occupation	True	test
equipment	camera	False	test
sprinter	athlete	True	test
singer	soprano	False	test
tuberculosis	disease	True	test
pc	machine	True	test
meal	supper	False	test
fright	emotion	True	test
sedan	vehicle	True	test
parent	relative	True	test
questionnaire	document	True	test
malaria	infection	True	test
terror	emotion	True	test
stallion	horse	True	test
sulphate	hair	False	test
animal	bug	False	test
chick	animal	True	test
scarf	garment	True	test
marker	bookmark	False	test
army	organization	True	test
celery	herb	True	test
conservatism	attitude	True	test
ant	invertebrate	True	test
disco	music	True	test
piper	performer	True	test
breeze	heroism	False	test
maggot	animal	True	test
antiquity	era	True	test
cataract	illness	True	test
breeze	physiology	False	test
alcohol	fluid	True	test
animal	snake	False	test
armament	cannon	False	test
barrier	psychotherapy	False	test
histogram	chart	True	test
skating	sport	True	test
tutor	teacher	True	test
liquid	jewelry	False	test
offspring	arithmetic	False	test
odour	sensation	True	test
bailiff	worker	True	test
monoclonal	protein	True	test
fear	suitcase	False	test
catcher	player	True	test
revolver	pistol	True	test
locomotive	vehicle	True	test
rabbit	vertebrate	True	test
objectivity	visualisation	False	test
physician	professional	True	test
goose	vertebrate	True	test
calf	worker	False	test
illness	document	False	test
bib	fabric	True	test
wife	beer	False	test
robin	vertebrate	True	test
snooker	game	True	test
tank	building	False	test
musket	gun	True	test
knuckle	joint	True	test
flea	invertebrate	True	test
pear	produce	True	test
boat	cost	False	test
swan	symbol	False	test
telecommunication	twenty	False	test
storm	overpayment	False	test
publication	bestseller	False	test
asp	snake	True	test
animal	reptile	False	test
boss	leader	True	test
woman	adult	True	test
bowling	game	True	test
economist	scientist	True	test
foundry	typhoon	False	test
cradle	airplane	False	test
music	concerto	False	test
odyssey	travel	True	test
psychotherapy	science	True	test
penthouse	housing	True	test
house	castle	False	test
turret	tower	True	test
duck	bird	True	test
inhabitant	resident	False	test
buffalo	mammal	True	test
ruler	algebra	False	test
heat	energy	True	test
bug	animal	True	test
carbonate	chemical	True	test
energy	heat	False	test
affidavit	document	True	test
vertebrate	site	False	test
thief	housing	False	test
wrath	emotion	True	test
reptile	record	False	test
joint	change	False	test
document	solid	False	test
islander	inhabitant	True	test
fish	animal	True	test
vandalism	mischief	True	test
laptop	ice	False	test
hallway	passageway	True	test
whiskey	liquor	True	test
ancestor	motto	False	test
telephony	telecommunication	True	test
criminal	documentary	False	test
solid	quartz	False	test
crystal	turquoise	False	test
glider	vehicle	True	test
barrier	obstruction	True	test
aide	serviceman	True	test
yesterday	discipline	False	test
kilt	clothing	True	test
bag	collagen	False	test
postcard	mail	True	test
oyster	animal	True	test
reimbursement	insect	False	test
tycoon	businessman	True	test
handgun	worker	False	test
governor	drift	False	test
hedgehog	vertebrate	True	test
fox	mammal	True	test
vertebrate	chariot	False	test
chamber	objectivity	False	test
illness	asylum	False	test
karaoke	merchant	False	test
trait	maker	False	test
stallion	animal	True	test
algebra	potato	False	test
vertebrate	hedgehog	False	test
gate	barrier	True	test
murderer	criminal	True	test
plant	rector	False	test
bird	eagle	False	test
mare	vertebrate	True	test
gasoline	hymn	False	test
liquid	beverage	False	test
performer	artiste	False	test
spaghetti	workman	False	test
color	green	False	test
athlete	dancer	False	test
soprano	performer	True	test
record	memo	False	test
editor	worker	True	test
greyhound	eatery	False	test
netball	sport	False	test
binder	notary	False	test
vehicle	sloop	False	test
cemetery	site	True	test
advocate	spokeswoman	False	test
sir	man	True	test
concert	performance	True	test
performer	spear	False	test
carpenter	worker	True	test
statement	contract	False	test
herpes	disease	True	test
sack	apostle	False	test
syringe	instrument	True	test
pesticide	beard	False	test
dwelling	convent	False	test
midwife	professional	True	test
archbishop	priest	True	test
discipline	neuroscience	False	test
undertaking	robin	False	test
science	algebra	False	test
firm	carnivore	False	test
contract	musician	False	test
roast	meat	True	test
physiology	biology	True	test
theft	felony	True	test
mail	message	True	test
galley	vehicle	True	test
statesman	leader	True	test
company	organization	True	test
sonata	symphony	False	test
feeling	artillery	False	test
bag	review	False	test
roast	salmon	False	test
tree	holly	False	test
turnpike	gate	True	test
hawk	bird	True	test
vehicle	bike	False	test
penguin	seabird	True	test
grandchild	offspring	True	test
bull	mammal	True	test
resident	inhabitant	True	test
anger	emotion	True	test
art	beard	False	test
beverage	symbol	False	test
chair	armchair	False	test
instrument	zebra	False	test
adrenaline	integer	False	test
wine	road	False	test
playing	show	True	test
disorder	insomnia	False	test
excuse	explanation	True	test
grandchild	relative	True	test
retina	tissue	True	test
skull	tissue	True	test
subcommittee	organization	True	test
disorder	hysteria	False	test
asthma	tissue	False	test
mosque	castle	False	test
bourgeoisie	fabric	False	test
solid	shellfish	False	test
insect	illness	False	test
lactose	pony	False	test
volleyball	game	True	test
cleaning	shaving	False	test
shellfish	seafood	True	test
ticket	document	True	test
mischief	collagen	False	test
bronze	alloy	True	test
beverage	tea	False	test
remorse	feeling	True	test
performer	food	False	test
fishing	sport	True	test
housekeeper	servant	True	test
information	playlist	False	test
final	contest	True	test
leprosy	illness	True	test
disease	diabetes	False	test
helicopter	vehicle	True	test
military	organization	True	test
professional	liquor	False	test
handgun	instrument	True	test
digit	iv	False	test
cellist	puppy	False	test
logic	discipline	True	test
cowboy	workman	True	test
pony	horse	True	test
misfortune	mom	False	test
protein	kilt	False	test
rig	equipment	True	test
rodent	vertebrate	True	test
hedgehog	rodent	True	test
chemistry	liquid	False	test
son	relative	True	test
python	vertebrate	True	test
housing	manor	False	test
science	wheat	False	test
vehicle	worker	False	test
workman	porter	False	test
thoroughfare	alley	False	test
tower	silo	False	test
animal	lamb	False	test
curve	feeling	False	test
whisky	traveler	False	test
badminton	kettle	False	test
berry	diplomat	False	test
drug	jurisprudence	False	test
gastropod	music	False	test
dioxin	package	False	test
beverage	whisky	False	test
piper	entertainer	True	test
scissors	tool	True	test
ultimatum	request	True	test
symphony	sonata	True	test
salesman	employee	True	test
player	goalkeeper	False	test
patience	ceremony	False	test
car	limousine	False	test
displeasure	emotion	True	test
bull	animal	True	test
official	science	False	test
fly	grandchild	False	test
workbook	publication	True	test
curve	publication	False	test
mangrove	tree	True	test
infusion	solution	True	test
house	monastery	False	test
spectrometer	instrument	True	test
princess	aristocrat	True	test
snake	animal	True	test
algebra	mathematics	True	test
vertebrate	pheasant	False	test
leg	limb	True	test
wader	vertebrate	True	test
booze	beverage	True	test
musket	player	False	test
invertebrate	animal	True	test
statement	ship	False	test
fallacy	produce	False	test
affection	organization	False	test
rodent	animal	True	test
mosque	building	True	test
vegan	eater	True	test
underwear	lingerie	False	test
cutlery	tool	True	test
buggy	garment	False	test
meal	sport	False	test
nostalgia	integer	False	test
rectangle	polygon	True	test
winner	contestant	True	test
margarine	food	True	test
science	linguistics	False	test
psoriasis	disease	True	test
racing	sport	True	test
animal	crow	False	test
disease	housing	False	test
cotton	fiber	True	test
walnut	nut	True	test
apprehension	bird	False	test
mesothelioma	tumor	True	test
servant	croquet	False	test
tumor	pasta	False	test
folly	trait	True	test
software	food	False	test
preconception	laboratory	False	test
rue	herb	True	test
container	spokeswoman	False	test
fillet	glider	False	test
vertebrate	yellow	False	test
pseudonym	golf	False	test
petal	vehicle	False	test
border	feeling	False	test
fillet	antibiotic	False	test
cat	locomotive	False	test
campsite	site	True	test
investing	transaction	True	test
bitterness	emotion	True	test
disorder	symbol	False	test
porter	employee	True	test
electronics	professional	False	test
dryer	commodity	True	test
mom	parent	True	test
dog	carnivore	True	test
church	organization	True	test
consistency	hardness	False	test
volleyball	sport	True	test
bonnet	hamster	False	test
writer	armchair	False	test
fence	barrier	True	test
dermatitis	disease	True	test
taxonomy	hierarchy	True	test
adjective	word	True	test
animal	gasoline	False	test
penis	organ	True	test
lesbian	dyke	False	test
calamity	misfortune	True	test
memo	vehicle	False	test
nostalgia	offspring	False	test
cassette	therapy	False	test
ant	insect	True	test
winger	athlete	True	test
feeder	animal	True	test
forearm	limb	True	test
radiation	phenomenon	True	test
joint	knuckle	False	test
drummer	performer	True	test
ship	submarine	False	test
cricket	insect	True	test
bookshop	shop	True	test
science	concept	False	test
caterpillar	larva	True	test
math	science	True	test
monastery	house	True	test
husband	competitiveness	False	test
worker	athlete	False	test
notary	official	True	test
anorexia	disorder	True	test
pouch	container	True	test
molecule	toast	False	test
animal	dorm	False	test
melanoma	tumor	True	test
entertainer	artiste	False	test
mime	fairytale	False	test
parapet	wall	True	test
insect	librarian	False	test
massage	petroleum	False	test
slalom	hedgehog	False	test
heterogeneity	vertebrate	False	test
herb	vehicle	False	test
cage	enclosure	True	test
waitress	employee	True	test
goose	victim	False	test
committee	organization	True	test
staple	commodity	True	test
record	autobiography	False	test
thirty	integer	True	test
rifle	weapon	True	test
publication	linguist	False	test
muse	deity	True	test
checklist	information	True	test
generator	apparatus	True	test
sir	opium	False	test
icon	signal	True	test
emotion	anger	False	test
feeling	weapon	False	test
vehicle	sedan	False	test
warrant	document	True	test
antibody	nematode	False	test
human	vertebrate	True	test
mammal	chimpanzee	False	test
accusation	statement	True	test
serpent	vertebrate	True	test
publication	workbook	False	test
cabbage	toast	False	test
compensation	publication	False	test
narrative	fairytale	False	test
rune	signal	True	test
word	flu	False	test
toast	antibiotic	False	test
dentistry	science	True	test
illustration	artwork	True	test
dryer	parent	False	test
animal	toad	False	test
tea	beverage	True	test
organization	math	False	test
ore	mineral	True	test
submarine	ship	True	test
reptile	animal	True	test
dementia	insanity	True	test
pennant	signal	True	test
relative	infant	False	test
radiotherapy	treatment	True	test
logo	squid	False	test
mare	animal	True	test
vertebrate	crystal	False	test
victimisation	practice	True	test
worker	hospital	False	test
professional	surgeon	False	test
heterogeneity	difference	True	test
animal	turkey	False	test
luncheon	meal	True	test
technician	relative	False	test
bib	herb	False	test
red	color	True	test
crystal	malaria	False	test
whisky	beverage	True	test
entertainer	cellist	False	test
